vehicle_manoeuvre,first_point_of_impact,engine_capacity_cc,propulsion_code,age_of_vehicle,accident_severity,number_of_casualties,road_type,light_conditions,weather_conditions,road_surface_conditions,special_conditions_at_site
Going ahead other,Front,998,Petrol,1,2,1,Single carriageway,Daylight,Fine no high winds,Wet or Damp,None
Going ahead other,Back,1596,Petrol,3,2,4,Single carriageway,Daylight,Fine no high winds,Wet or Damp,None
Changing lane to right,Offside,1242,Petrol,4,2,1,Slip road,Daylight,Fine no high winds,Wet or Damp,None
Going ahead other,Back,998,Petrol,3,2,2,Single carriageway,Daylight,Fine no high winds,Dry,None
Going ahead other,Front,1242,Petrol,3,1,3,Single carriageway,Daylight,Fine no high winds,Dry,None
Going ahead other,Front,998,Petrol,3,1,2,Single carriageway,Daylight,Raining no high winds,Wet or Damp,None
Going ahead other,Front,998,Petrol,3,2,1,Single carriageway,Daylight,Fine no high winds,Dry,None
Going ahead other,Front,998,Petrol,3,1,2,Dual carriageway,Daylight,Fine no high winds,Wet or Damp,None
Going ahead other,Offside,1242,Petrol,5,1,1,Single carriageway,Daylight,Raining no high winds,Wet or Damp,None
Parked,Offside,998,Petrol,2,2,1,Single carriageway,Daylight,Fine no high winds,Dry,None
Going ahead other,Front,998,Petrol,5,2,2,Single carriageway,Daylight,Fine no high winds,Dry,None
Going ahead right-hand bend,Front,998,Petrol,2,2,1,Single carriageway,Daylight,Raining no high winds,Wet or Damp,None
Parked,Offside,1242,Petrol,5,2,1,Single carriageway,Daylight,Fine no high winds,Dry,None
Going ahead other,Front,998,Petrol,5,2,1,Dual carriageway,Daylight,Fine no high winds,Dry,None
Going ahead other,Front,998,Petrol,4,2,1,Single carriageway,Daylight,Fine no high winds,Dry,Auto traffic signal - out
Changing lane to right,Offside,998,Petrol,0,2,1,Dual carriageway,Daylight,Fine no high winds,Dry,None
Waiting to go - held up,Back,998,Petrol,1,2,1,Roundabout,Daylight,Fine no high winds,Dry,None
Overtaking moving vehicle - offside,Nearside,998,Petrol,2,1,4,Single carriageway,Daylight,Fine no high winds,Wet or Damp,None
Going ahead other,Front,998,Petrol,1,0,3,Single carriageway,Darkness - no lighting,Fine no high winds,Dry,None
Going ahead other,Front,998,Petrol,4,2,2,Dual carriageway,Daylight,Fine no high winds,Dry,None
Parked,Offside,1499,Heavy oil,5,2,1,Single carriageway,Daylight,Raining no high winds,Wet or Damp,None
Going ahead other,Front,998,Petrol,3,1,2,Single carriageway,Daylight,Fine no high winds,Dry,None
Going ahead other,Nearside,998,Petrol,0,2,1,Single carriageway,Daylight,Fine no high winds,Dry,None
Overtaking moving vehicle - offside,Nearside,998,Petrol,1,2,2,Single carriageway,Darkness - no lighting,Fine + high winds,Wet or Damp,None
Going ahead other,Front,998,Petrol,0,2,2,Single carriageway,Daylight,Fine no high winds,Dry,None
Going ahead other,Front,998,Petrol,4,2,2,Single carriageway,Daylight,Fine no high winds,Wet or Damp,None
Going ahead other,Offside,998,Petrol,4,2,1,One way street,Darkness - lights lit,Fine no high winds,Dry,None
Going ahead other,Nearside,998,Petrol,0,2,1,Dual carriageway,Daylight,Fine no high winds,Dry,None
Moving off,Front,1596,Petrol,5,2,2,Single carriageway,Daylight,Fine no high winds,Dry,None
Going ahead other,Front,998,Petrol,5,2,1,Roundabout,Daylight,Fine no high winds,Dry,None
Going ahead right-hand bend,Offside,998,Petrol,4,2,4,Single carriageway,Daylight,Fine no high winds,Dry,None
Going ahead other,Offside,1242,Petrol,4,2,1,Single carriageway,Daylight,Fine no high winds,Dry,None
Going ahead other,Front,998,Petrol,5,2,2,Single carriageway,Daylight,Fine no high winds,Dry,None
Waiting to go - held up,Back,998,Petrol,2,2,1,Single carriageway,Daylight,Fine no high winds,Wet or Damp,None
Turning left,Nearside,998,Petrol,2,2,1,Roundabout,Daylight,Raining no high winds,Wet or Damp,None
Going ahead other,Nearside,998,Petrol,0,1,1,Single carriageway,Darkness - lights lit,Fine no high winds,Dry,None
U-turn,Nearside,998,Petrol,4,2,1,Single carriageway,Daylight,Fine no high winds,Dry,None
Going ahead left-hand bend,Front,998,Petrol,3,1,2,Single carriageway,Darkness - no lighting,Fine no high winds,Dry,None
Going ahead other,Front,998,Petrol,3,1,1,Single carriageway,Daylight,Fine no high winds,Dry,None
Waiting to go - held up,Back,998,Petrol,2,2,1,Dual carriageway,Daylight,Fine no high winds,Dry,None
Waiting to go - held up,Front,1084,Petrol,0,2,2,Roundabout,Daylight,Fine no high winds,Dry,None
Reversing,Nearside,1242,Petrol,3,2,1,Single carriageway,Daylight,Fine no high winds,Dry,None
Going ahead other,Front,1084,Petrol,2,1,2,Dual carriageway,Darkness - lights lit,Fine no high winds,Wet or Damp,None
Turning left,Front,998,Petrol,1,2,1,Single carriageway,Daylight,Fine no high winds,Wet or Damp,None
Moving off,Front,998,Petrol,5,2,2,Dual carriageway,Daylight,Fine no high winds,Dry,None
Waiting to turn right,Front,998,Petrol,3,1,1,Single carriageway,Daylight,Fine no high winds,Wet or Damp,None
Going ahead other,Front,1242,Petrol,2,0,3,Dual carriageway,Daylight,Fine no high winds,Dry,None
Going ahead other,Front,998,Petrol,1,2,1,Roundabout,Daylight,Fine no high winds,Dry,None
Going ahead other,Front,998,Petrol,3,2,1,Single carriageway,Daylight,Fine no high winds,Dry,None
Turn right,Front,998,Petrol,2,2,1,Single carriageway,Daylight,Fine no high winds,Dry,None
Going ahead other,Front,998,Petrol,0,2,4,Single carriageway,Daylight,Fine no high winds,Dry,None
Moving off,Front,1596,Petrol,5,1,1,Single carriageway,Daylight,Fine no high winds,Dry,None
Moving off,Front,998,Petrol,1,2,1,Single carriageway,Daylight,Fine no high winds,Dry,None
Moving off,Front,998,Petrol,2,1,1,Single carriageway,Daylight,Fine no high winds,Dry,None
Parked,Back,1242,Petrol,3,2,1,Single carriageway,Daylight,Fine no high winds,Dry,None
Parked,Offside,1242,Petrol,4,2,1,Single carriageway,Daylight,Fine no high winds,Dry,None
Waiting to go - held up,Back,998,Petrol,1,2,3,Single carriageway,Daylight,Fine no high winds,Dry,None
Parked,Back,998,Petrol,1,2,2,Single carriageway,Daylight,Fine no high winds,Dry,None
Going ahead other,Back,998,Petrol,2,2,2,Single carriageway,Daylight,Fine no high winds,Dry,None
U-turn,Offside,998,Petrol,3,2,1,Single carriageway,Daylight,Fine no high winds,Dry,None
Going ahead other,Front,998,Petrol,2,2,1,Single carriageway,Daylight,Fine no high winds,Wet or Damp,Mud
Going ahead other,Offside,998,Petrol,2,2,1,Single carriageway,Daylight,Fine no high winds,Dry,None
Parked,Back,998,Petrol,3,2,1,Single carriageway,Daylight,Fine no high winds,Dry,None
Waiting to go - held up,Back,998,Petrol,1,1,2,Single carriageway,Daylight,Fine no high winds,Wet or Damp,Roadworks
Going ahead other,Front,998,Petrol,3,1,2,Single carriageway,Darkness - lights lit,Fine no high winds,Dry,None
Overtaking - nearside,Front,998,Petrol,5,2,1,Single carriageway,Daylight,Fine no high winds,Dry,None
Going ahead other,Front,998,Petrol,2,2,1,Dual carriageway,Daylight,Fine no high winds,Dry,None
Moving off,Front,998,Petrol,5,1,4,Single carriageway,Daylight,Fine no high winds,Dry,None
Waiting to turn right,Front,998,Petrol,1,2,2,Single carriageway,Daylight,Fine no high winds,Dry,None
Waiting to turn right,Nearside,998,Petrol,4,2,2,Single carriageway,Daylight,Fine no high winds,Dry,None
Going ahead other,Front,998,Petrol,5,1,1,Single carriageway,Daylight,Fine no high winds,Wet or Damp,None
Going ahead other,Offside,1499,Heavy oil,3,2,1,Single carriageway,Darkness - lights lit,Fine no high winds,Wet or Damp,None
Going ahead other,Back,1242,Petrol,3,2,1,Dual carriageway,Darkness - lights lit,Fine no high winds,Wet or Damp,None
Moving off,Offside,998,Petrol,2,2,1,Roundabout,Daylight,Fine no high winds,Dry,None
Going ahead other,Front,998,Petrol,3,2,1,Single carriageway,Daylight,Fine no high winds,Dry,None
Reversing,Nearside,1596,Petrol,5,1,1,Single carriageway,Daylight,Fine no high winds,Dry,None
Going ahead other,Front,998,Petrol,1,2,3,Single carriageway,Daylight,Fine no high winds,Dry,None
Going ahead other,Front,998,Petrol,1,2,1,Single carriageway,Daylight,Fine no high winds,Dry,None
Turn right,Offside,1242,Petrol,5,2,1,Single carriageway,Daylight,Fine no high winds,Dry,None
Turn right,Offside,999,Petrol,0,2,1,Single carriageway,Daylight,Fine no high winds,Dry,None
Going ahead other,Nearside,998,Petrol,4,2,1,Single carriageway,Daylight,Fine no high winds,Dry,None
Turn right,Offside,1084,Petrol,3,1,3,Single carriageway,Darkness - lights lit,Fine no high winds,Dry,None
Waiting to turn left,Front,998,Petrol,1,2,1,Single carriageway,Daylight,Fine no high winds,Dry,None
Overtaking static vehicle - offside,Front,998,Petrol,1,2,1,Single carriageway,Daylight,Fine no high winds,Dry,Roadworks
Turning left,Back,1242,Petrol,5,2,1,Single carriageway,Daylight,Fine no high winds,Dry,None
Turn right,Front,998,Petrol,2,2,1,Single carriageway,Daylight,Fine no high winds,Dry,None
Going ahead other,Front,998,Petrol,4,1,1,Single carriageway,Darkness - lights lit,Fine no high winds,Dry,None
Reversing,Nearside,998,Petrol,3,1,3,One way street,Daylight,Fine no high winds,Dry,None
Going ahead other,Front,998,Petrol,4,2,2,Single carriageway,Daylight,Fine no high winds,Dry,None
Going ahead other,Did not impact,998,Petrol,3,2,1,Single carriageway,Daylight,Fine no high winds,Dry,None
Going ahead other,Front,1084,Petrol,2,2,1,Dual carriageway,Daylight,Fine no high winds,Dry,None
Moving off,Front,998,Petrol,3,1,3,Single carriageway,Daylight,Fine no high winds,Wet or Damp,Roadworks
Going ahead other,Front,998,Petrol,5,1,1,Single carriageway,Daylight,Fine no high winds,Dry,None
Going ahead other,Offside,998,Petrol,5,2,2,Single carriageway,Darkness - lights lit,Fine no high winds,Dry,None
Going ahead other,Front,1084,Petrol,3,0,1,Dual carriageway,Daylight,Fine no high winds,Dry,None
Going ahead other,Front,1596,Petrol,5,2,1,Single carriageway,Daylight,Fine no high winds,Dry,None
Going ahead other,Front,998,Petrol,3,2,1,Single carriageway,Daylight,Fine no high winds,Dry,None
Going ahead other,Front,998,Petrol,1,2,1,Single carriageway,Daylight,Fine no high winds,Dry,None
Going ahead other,Nearside,998,Petrol,4,2,1,Single carriageway,Daylight,Fine no high winds,Dry,None
Going ahead other,Front,998,Petrol,2,2,1,Single carriageway,Daylight,Fine no high winds,Dry,None
Turn right,Front,998,Petrol,2,2,1,Single carriageway,Daylight,Fine no high winds,Dry,None
Going ahead other,Front,998,Petrol,4,2,1,Single carriageway,Daylight,Fine no high winds,Dry,None
Turn right,Offside,998,Petrol,4,2,1,Single carriageway,Daylight,Fine no high winds,Dry,None
Going ahead other,Front,998,Petrol,5,1,2,Single carriageway,Daylight,Fine no high winds,Dry,None
Going ahead other,Front,1596,Petrol,5,2,1,Single carriageway,Daylight,Fine no high winds,Dry,None
Moving off,Did not impact,1242,Petrol,3,1,1,Single carriageway,Daylight,Fine no high winds,Dry,None
Overtaking moving vehicle - offside,Nearside,998,Petrol,4,1,1,Single carriageway,Daylight,Fine no high winds,Dry,None
Going ahead other,Front,999,Petrol,0,1,4,Single carriageway,Daylight,Fine no high winds,Dry,None
Parked,Back,998,Petrol,1,1,1,One way street,Daylight,Fine no high winds,Dry,None
Turn right,Front,1596,Petrol,5,2,1,Single carriageway,Daylight,Fine no high winds,Dry,None
Going ahead other,Front,998,Petrol,5,2,1,Slip road,Daylight,Fine no high winds,Dry,None
Going ahead other,Front,998,Petrol,4,2,1,Single carriageway,Daylight,Fine no high winds,Dry,None
Waiting to go - held up,Back,1242,Petrol,3,2,1,Dual carriageway,Daylight,Fine no high winds,Dry,None
Going ahead other,Front,998,Petrol,5,2,1,Single carriageway,Daylight,Fine no high winds,Dry,None
Going ahead other,Front,998,Petrol,5,2,1,Single carriageway,Daylight,Fine no high winds,Dry,None
Waiting to go - held up,Offside,1242,Petrol,5,2,2,Dual carriageway,Daylight,Fine no high winds,Dry,None
Going ahead other,Front,1242,Petrol,5,2,1,Single carriageway,Daylight,Fine no high winds,Dry,None
Going ahead other,Front,998,Petrol,2,1,1,Dual carriageway,Darkness - no lighting,Fine no high winds,Dry,None
Going ahead other,Nearside,998,Petrol,2,2,1,Single carriageway,Darkness - lights lit,Raining + high winds,Wet or Damp,None
Going ahead other,Front,998,Petrol,2,0,4,Dual carriageway,Daylight,Raining no high winds,Wet or Damp,None
Waiting to go - held up,Back,999,Petrol,0,2,1,Single carriageway,Daylight,Fine no high winds,Dry,None
Going ahead other,Nearside,1242,Petrol,5,1,1,Single carriageway,Daylight,Fine no high winds,Dry,None
Going ahead other,Front,998,Petrol,2,2,2,Single carriageway,Daylight,Fine no high winds,Dry,None
Going ahead other,Front,998,Petrol,4,1,2,Single carriageway,Daylight,Raining no high winds,Wet or Damp,None
Going ahead other,Front,998,Petrol,5,2,1,Single carriageway,Daylight,Fine no high winds,Dry,None
Turn right,Front,998,Petrol,2,1,1,Single carriageway,Daylight,Fine no high winds,Dry,None
Going ahead other,Nearside,998,Petrol,2,2,1,Single carriageway,Daylight,Fine no high winds,Dry,None
Going ahead other,Nearside,998,Petrol,1,2,1,Single carriageway,Daylight,Fine no high winds,Dry,None
Going ahead other,Front,999,Petrol,0,1,1,Roundabout,Daylight,Fine no high winds,Dry,None
Going ahead other,Front,998,Petrol,1,2,3,Dual carriageway,Darkness - no lighting,Fine no high winds,Wet or Damp,None
Parked,Back,998,Petrol,5,2,1,Single carriageway,Daylight,Fine no high winds,Dry,None
Going ahead other,Front,998,Petrol,5,2,1,Single carriageway,Daylight,Fine no high winds,Dry,None
Waiting to go - held up,Back,1499,Heavy oil,4,2,1,Single carriageway,Daylight,Fine no high winds,Wet or Damp,None
Going ahead other,Front,998,Petrol,5,2,1,Single carriageway,Daylight,Raining no high winds,Wet or Damp,None
Slowing or stopping,Back,1499,Heavy oil,3,2,2,Single carriageway,Daylight,Fine no high winds,Dry,None
Turn right,Front,1242,Petrol,5,2,2,Single carriageway,Darkness - lights lit,Fine no high winds,Dry,None
Going ahead right-hand bend,Offside,1084,Petrol,3,2,2,Single carriageway,Daylight,Fine no high winds,Dry,None
Slowing or stopping,Back,1596,Petrol,3,2,3,Single carriageway,Daylight,Fine no high winds,Dry,None
Going ahead other,Front,1242,Petrol,3,1,4,Single carriageway,Darkness - no lighting,Fine no high winds,Dry,None
Going ahead other,Front,998,Petrol,4,0,3,Single carriageway,Daylight,Fine no high winds,Dry,None
Turn right,Nearside,998,Petrol,1,2,1,Slip road,Daylight,Raining no high winds,Wet or Damp,None
Slowing or stopping,Front,998,Petrol,3,2,1,Dual carriageway,Daylight,Fine no high winds,Dry,None
Going ahead other,Front,998,Petrol,2,2,1,Single carriageway,Daylight,Fine no high winds,Dry,None
Turn right,Front,998,Petrol,4,1,1,Single carriageway,Daylight,Fine no high winds,Dry,None
Parked,Back,998,Petrol,4,2,1,Single carriageway,Daylight,Raining no high winds,Wet or Damp,None
Turn right,Back,998,Petrol,1,2,1,Single carriageway,Daylight,Fine no high winds,Wet or Damp,None
Going ahead other,Front,999,Petrol,0,2,7,Single carriageway,Daylight,Fine no high winds,Dry,None
Moving off,Nearside,998,Petrol,5,2,2,Single carriageway,Daylight,Fine no high winds,Dry,None
Moving off,Nearside,998,Petrol,2,1,1,Single carriageway,Daylight,Fine no high winds,Dry,None
Going ahead other,Back,1242,Petrol,4,2,2,Single carriageway,Daylight,Fine no high winds,Dry,None
Reversing,Nearside,998,Petrol,4,2,1,Single carriageway,Daylight,Fine no high winds,Dry,None
Going ahead other,Back,1084,Petrol,1,2,1,Dual carriageway,Darkness - no lighting,Fine no high winds,Wet or Damp,None
Going ahead other,Front,1596,Petrol,4,2,2,Single carriageway,Daylight,Fine no high winds,Dry,None
Going ahead other,Front,999,Petrol,0,2,3,Single carriageway,Darkness - lights lit,Fine no high winds,Dry,None
Going ahead left-hand bend,Front,998,Petrol,3,2,1,Single carriageway,Daylight,Fine no high winds,Dry,None
Going ahead other,Front,998,Petrol,2,1,2,Single carriageway,Daylight,Fine no high winds,Dry,None
Moving off,Did not impact,999,Petrol,0,2,1,Single carriageway,Daylight,Fine no high winds,Dry,None
Going ahead other,Did not impact,998,Petrol,5,2,2,Single carriageway,Darkness - no lighting,Snowing no high winds,Wet or Damp,None
Turn right,Offside,998,Petrol,2,1,1,One way street,Daylight,Fine no high winds,Dry,None
Going ahead other,Front,998,Petrol,1,2,2,Single carriageway,Daylight,Fine no high winds,Dry,None
Going ahead other,Front,1499,Heavy oil,5,2,1,Single carriageway,Daylight,Fine no high winds,Dry,None
Parked,Offside,998,Petrol,2,2,2,Single carriageway,Darkness - lights lit,Fine no high winds,Dry,None
Parked,Back,998,Petrol,2,1,1,Single carriageway,Daylight,Fine no high winds,Wet or Damp,None
Going ahead other,Front,999,Petrol,0,2,1,Single carriageway,Daylight,Fine no high winds,Frost or ice,None
Going ahead other,Back,998,Petrol,4,2,2,Dual carriageway,Darkness - lights lit,Fine no high winds,Dry,None
Turn right,Front,1084,Petrol,3,2,1,Single carriageway,Daylight,Fine no high winds,Dry,None
Going ahead right-hand bend,Nearside,998,Petrol,2,1,3,Single carriageway,Daylight,Fine no high winds,Dry,None
Going ahead other,Front,998,Petrol,3,2,1,Single carriageway,Daylight,Fine no high winds,Dry,None
Going ahead other,Front,1084,Petrol,3,2,1,Single carriageway,Darkness - no lighting,Fine no high winds,Dry,None
Going ahead other,Front,998,Petrol,4,2,1,Single carriageway,Daylight,Fine no high winds,Dry,None
Going ahead other,Front,998,Petrol,5,2,2,Single carriageway,Darkness - lights lit,Fine no high winds,Wet or Damp,None
Going ahead other,Offside,1084,Petrol,3,2,1,Dual carriageway,Daylight,Fine no high winds,Dry,None
Going ahead other,Front,998,Petrol,2,2,1,Roundabout,Daylight,Fine no high winds,Dry,None
Waiting to go - held up,Back,1496,Petrol,3,2,2,Dual carriageway,Daylight,Fine no high winds,Dry,None
Reversing,Front,999,Petrol,1,2,1,Single carriageway,Daylight,Fine no high winds,Dry,None
Moving off,Front,998,Petrol,1,2,1,Roundabout,Daylight,Fine no high winds,Dry,None
Going ahead other,Nearside,1084,Petrol,3,2,2,Single carriageway,Daylight,Fine no high winds,Dry,None
Going ahead right-hand bend,Front,998,Petrol,5,2,1,Single carriageway,Daylight,Fine no high winds,Wet or Damp,None
Turn right,Nearside,1596,Petrol,5,2,1,Single carriageway,Darkness - lights lit,Fine no high winds,Dry,None
Turning left,Front,999,Petrol,0,2,1,Single carriageway,Daylight,Fine no high winds,Wet or Damp,None
Going ahead other,Nearside,998,Petrol,3,2,1,Single carriageway,Daylight,Fine no high winds,Dry,Auto traffic signal - out
Going ahead other,Front,998,Petrol,2,2,1,Dual carriageway,Darkness - no lighting,Fine no high winds,Wet or Damp,None
Waiting to go - held up,Back,998,Petrol,4,2,1,Single carriageway,Daylight,Fine no high winds,Dry,None
Going ahead other,Back,998,Petrol,1,0,2,Single carriageway,Daylight,Fine no high winds,Dry,None
Turn right,Front,998,Petrol,5,2,3,Single carriageway,Daylight,Fine no high winds,Dry,None
Going ahead other,Front,998,Petrol,3,2,1,Single carriageway,Daylight,Fine no high winds,Dry,None
Going ahead other,Front,1242,Petrol,4,2,1,Single carriageway,Daylight,Fine no high winds,Wet or Damp,None
Slowing or stopping,Back,1242,Petrol,4,2,2,Single carriageway,Daylight,Fine no high winds,Dry,None
Going ahead other,Front,1499,Heavy oil,5,2,1,Single carriageway,Daylight,Fine no high winds,Dry,None
Going ahead other,Offside,998,Petrol,2,2,1,Single carriageway,Daylight,Fine no high winds,Wet or Damp,None
Going ahead other,Front,998,Petrol,2,2,1,Single carriageway,Daylight,Fine no high winds,Dry,None
Going ahead other,Back,998,Petrol,5,2,4,Single carriageway,Daylight,Fine no high winds,Dry,None
Waiting to go - held up,Back,998,Petrol,2,2,1,Dual carriageway,Daylight,Fine no high winds,Dry,None
Going ahead other,Offside,998,Petrol,2,2,1,Single carriageway,Daylight,Fine no high winds,Dry,None
Going ahead other,Back,1242,Petrol,4,2,1,Roundabout,Daylight,Fine no high winds,Dry,None
Parked,Back,998,Petrol,3,2,1,Single carriageway,Darkness - lights lit,Fine no high winds,Wet or Damp,None
Slowing or stopping,Back,998,Petrol,4,2,1,Dual carriageway,Daylight,Fine no high winds,Dry,None
Going ahead other,Front,1242,Petrol,4,2,1,Dual carriageway,Daylight,Fine no high winds,Wet or Damp,None
Going ahead other,Front,998,Petrol,3,2,1,Single carriageway,Daylight,Fine no high winds,Wet or Damp,None
Moving off,Front,998,Petrol,2,2,1,Dual carriageway,Daylight,Fine no high winds,Dry,None
Turning left,Front,998,Petrol,5,1,1,Single carriageway,Daylight,Fine no high winds,Dry,None
Going ahead other,Front,1596,Petrol,5,1,1,Single carriageway,Daylight,Fine no high winds,Dry,None
Going ahead other,Front,998,Petrol,3,2,1,Dual carriageway,Daylight,Fine no high winds,Dry,None
Going ahead other,Front,999,Petrol,0,1,1,Single carriageway,Daylight,Fine no high winds,Dry,None
Turn right,Nearside,998,Petrol,2,2,2,Single carriageway,Daylight,Fine no high winds,Dry,None
Turn right,Front,998,Petrol,2,2,1,Single carriageway,Daylight,Fine no high winds,Dry,None
Overtaking static vehicle - offside,Offside,998,Petrol,4,1,1,Single carriageway,Daylight,Fine no high winds,Wet or Damp,None
Going ahead left-hand bend,Front,999,Petrol,1,2,1,Single carriageway,Daylight,Fine no high winds,Wet or Damp,None
Moving off,Nearside,998,Petrol,3,2,1,Roundabout,Daylight,Fine no high winds,Dry,None
Parked,Offside,1496,Petrol,2,2,1,Single carriageway,Daylight,Fine no high winds,Dry,None
Going ahead other,Offside,998,Petrol,5,2,1,Single carriageway,Daylight,Fine no high winds,Wet or Damp,None
Going ahead other,Back,999,Petrol,1,1,4,Single carriageway,Daylight,Fine no high winds,Dry,None
Turn right,Front,1242,Petrol,5,2,1,Single carriageway,Darkness - lights lit,Fine no high winds,Dry,None
Parked,Back,998,Petrol,2,2,3,Dual carriageway,Daylight,Raining + high winds,Wet or Damp,None
Turn right,Front,998,Petrol,5,2,1,Single carriageway,Daylight,Raining no high winds,Dry,None
Going ahead other,Front,998,Petrol,5,2,1,Single carriageway,Daylight,Fine + high winds,Dry,None
Moving off,Offside,998,Petrol,5,2,1,Single carriageway,Daylight,Fine no high winds,Dry,None
Going ahead other,Front,1596,Petrol,5,2,2,Single carriageway,Daylight,Fine no high winds,Dry,None
Slowing or stopping,Front,998,Petrol,1,2,3,Single carriageway,Daylight,Fine no high winds,Dry,None
Going ahead other,Front,1596,Petrol,4,2,1,Single carriageway,Daylight,Fine no high winds,Dry,None
Turn right,Offside,999,Petrol,1,1,5,Slip road,Daylight,Raining no high winds,Wet or Damp,None
Going ahead other,Front,1596,Petrol,5,2,1,Single carriageway,Daylight,Fine no high winds,Dry,None
Overtaking static vehicle - offside,Offside,998,Petrol,4,2,1,Single carriageway,Daylight,Fine no high winds,Dry,None
Turning left,Front,998,Petrol,4,2,1,Dual carriageway,Daylight,Fine no high winds,Dry,None
Going ahead other,Nearside,998,Petrol,5,2,1,Single carriageway,Daylight,Fine no high winds,Dry,None
Going ahead other,Offside,998,Petrol,3,2,1,Single carriageway,Daylight,Fine no high winds,Dry,None
Moving off,Front,998,Petrol,5,2,1,Roundabout,Daylight,Fine no high winds,Wet or Damp,None
Moving off,Offside,998,Petrol,4,2,1,Roundabout,Daylight,Fine no high winds,Dry,None
Going ahead other,Front,998,Petrol,5,2,2,Single carriageway,Daylight,Raining no high winds,Wet or Damp,Roadworks
Turn right,Front,998,Petrol,2,2,4,Single carriageway,Darkness - lights unlit,Fine no high winds,Wet or Damp,None
Slowing or stopping,Front,1084,Petrol,2,1,1,Single carriageway,Daylight,Fine no high winds,Dry,None
Going ahead other,Front,999,Petrol,1,2,1,Single carriageway,Daylight,Fine no high winds,Dry,None
Going ahead other,Front,1596,Petrol,5,1,3,Single carriageway,Daylight,Raining no high winds,Wet or Damp,None
Going ahead other,Front,998,Petrol,2,0,4,Single carriageway,Daylight,Fine no high winds,Dry,None
Moving off,Front,999,Petrol,1,2,2,Single carriageway,Daylight,Fine no high winds,Dry,None
Going ahead other,Nearside,999,Petrol,1,2,1,One way street,Darkness - lights lit,Fine no high winds,Dry,None
Turn right,Front,999,Petrol,1,1,2,Single carriageway,Daylight,Fine no high winds,Dry,None
Going ahead other,Front,998,Petrol,2,2,2,Slip road,Darkness - lights lit,Fine no high winds,Dry,None
Going ahead other,Front,1242,Petrol,5,1,1,One way street,Daylight,Fine no high winds,Dry,None
Turn right,Front,999,Petrol,0,2,2,Single carriageway,Daylight,Fine no high winds,Dry,None
Reversing,Nearside,998,Petrol,4,1,1,Single carriageway,Daylight,Fine no high winds,Dry,None
Moving off,Front,998,Petrol,3,2,1,Single carriageway,Daylight,Fine no high winds,Dry,None
Going ahead other,Front,998,Petrol,4,1,2,Roundabout,Daylight,Fine no high winds,Dry,None
Going ahead other,Front,1499,Heavy oil,3,2,2,Single carriageway,Daylight,Fine no high winds,Dry,None
Moving off,Front,999,Petrol,1,1,2,Single carriageway,Daylight,Raining no high winds,Wet or Damp,None
Going ahead left-hand bend,Front,999,Petrol,1,2,1,Single carriageway,Daylight,Raining no high winds,Wet or Damp,None
Going ahead other,Front,1084,Petrol,3,1,2,Single carriageway,Daylight,Fine no high winds,Dry,None
Going ahead other,Front,998,Petrol,5,2,1,Single carriageway,Darkness - no lighting,Fine no high winds,Frost or ice,None
Going ahead other,Nearside,999,Petrol,2,2,2,Single carriageway,Daylight,Fine no high winds,Dry,None
Going ahead other,Front,998,Petrol,3,1,3,Single carriageway,Daylight,Raining no high winds,Wet or Damp,None
Going ahead other,Front,998,Petrol,5,2,1,Single carriageway,Daylight,Fine no high winds,Dry,None
Overtaking static vehicle - offside,Front,1084,Petrol,3,2,1,Single carriageway,Daylight,Fine no high winds,Dry,None
Going ahead other,Front,1084,Petrol,4,2,1,Single carriageway,Darkness - lights lit,Fine no high winds,Wet or Damp,Road sign or marking defective or obscured
Going ahead other,Front,1084,Petrol,3,2,1,Single carriageway,Daylight,Fine no high winds,Dry,None
Overtaking static vehicle - offside,Nearside,999,Petrol,1,2,1,Single carriageway,Daylight,Fine no high winds,Dry,None
Going ahead other,Front,1496,Petrol,4,1,1,Single carriageway,Daylight,Fine no high winds,Dry,None
Going ahead other,Front,1084,Petrol,4,2,1,Single carriageway,Daylight,Fine no high winds,Dry,None
Slowing or stopping,Front,998,Petrol,4,2,1,Single carriageway,Daylight,Fine no high winds,Dry,None
Going ahead other,Offside,1084,Petrol,5,2,1,Single carriageway,Daylight,Fine no high winds,Dry,None
Going ahead other,Front,998,Petrol,5,2,1,Single carriageway,Daylight,Fine no high winds,Dry,None
Going ahead other,Front,998,Petrol,5,1,3,Single carriageway,Daylight,Fine no high winds,Dry,None
Going ahead right-hand bend,Front,998,Petrol,4,1,2,Single carriageway,Daylight,Fine no high winds,Dry,None