vehicle_manoeuvre,first_point_of_impact,engine_capacity_cc,propulsion_code,age_of_vehicle,accident_severity,number_of_casualties,road_type,light_conditions,weather_conditions,road_surface_conditions,special_conditions_at_site
Going ahead other,Offside,998,Petrol,1,2,1,Single carriageway,Daylight,Fine no high winds,Dry,None
Slowing or stopping,Front,998,Petrol,3,2,3,Dual carriageway,Daylight,Fine no high winds,Dry,None
Slowing or stopping,Front,998,Petrol,2,2,3,Dual carriageway,Daylight,Fine no high winds,Dry,None
Going ahead other,Front,1242,Petrol,3,1,2,Single carriageway,Darkness - no lighting,Fine no high winds,Dry,None
Going ahead right-hand bend,Front,1242,Petrol,5,2,1,Single carriageway,Daylight,Fine no high winds,Dry,None
Overtaking moving vehicle - offside,Nearside,1496,Petrol,1,2,1,Single carriageway,Daylight,Fine no high winds,Dry,None
Going ahead other,Front,998,Petrol,4,2,1,Roundabout,Daylight,Fine no high winds,Dry,None
Going ahead other,Front,1242,Petrol,2,2,1,Single carriageway,Darkness - no lighting,Fine no high winds,Dry,None
Moving off,Front,998,Petrol,5,2,1,Single carriageway,Daylight,Fine + high winds,Dry,None
Waiting to go - held up,Back,998,Petrol,1,2,1,Dual carriageway,Daylight,Fine no high winds,Dry,None
Going ahead other,Front,998,Petrol,3,1,2,One way street,Darkness - no lighting,Raining no high winds,Wet or Damp,None
Going ahead right-hand bend,Front,998,Petrol,4,2,2,Single carriageway,Daylight,Fine no high winds,Dry,Road sign or marking defective or obscured
Waiting to go - held up,Front,998,Petrol,4,2,1,Roundabout,Daylight,Fine no high winds,Dry,None
Going ahead other,Nearside,1596,Petrol,3,2,1,Roundabout,Daylight,Fine no high winds,Dry,None
Going ahead other,Back,998,Petrol,1,2,1,Single carriageway,Daylight,Fine no high winds,Dry,None
Going ahead other,Front,998,Petrol,5,2,1,Single carriageway,Darkness - lights lit,Raining no high winds,Wet or Damp,None
Going ahead other,Front,998,Petrol,4,2,1,Roundabout,Daylight,Fine no high winds,Dry,None
Turn right,Offside,1560,Heavy oil,5,2,1,Single carriageway,Darkness - lights lit,Fine no high winds,Dry,None
Going ahead other,Front,998,Petrol,2,2,2,Single carriageway,Daylight,Fine no high winds,Dry,None
Overtaking - nearside,Nearside,1242,Petrol,5,2,1,Roundabout,Daylight,Fine no high winds,Dry,Roadworks
Overtaking static vehicle - offside,Front,998,Petrol,5,1,2,Single carriageway,Darkness - no lighting,Fine + high winds,Wet or Damp,None
Waiting to turn right,Front,1499,Heavy oil,2,2,2,Single carriageway,Daylight,Fine no high winds,Dry,None
Going ahead other,Front,998,Petrol,5,1,4,Single carriageway,Daylight,Fine no high winds,Dry,None
Going ahead other,Nearside,998,Petrol,3,2,2,Single carriageway,Daylight,Fine no high winds,Dry,None
Going ahead other,Front,1242,Petrol,3,1,1,Single carriageway,Daylight,Raining no high winds,Wet or Damp,None
Slowing or stopping,Front,998,Petrol,5,2,2,Dual carriageway,Daylight,Fine no high winds,Dry,None
Going ahead other,Front,998,Petrol,4,2,1,Dual carriageway,Daylight,Fine no high winds,Dry,None
Turn right,Offside,998,Petrol,0,2,2,Dual carriageway,Daylight,Raining no high winds,Wet or Damp,None
Going ahead other,Back,998,Petrol,5,2,2,Dual carriageway,Daylight,Raining no high winds,Wet or Damp,None
Going ahead right-hand bend,Front,1084,Petrol,0,2,3,Single carriageway,Daylight,Raining no high winds,Wet or Damp,None
Slowing or stopping,Front,1242,Petrol,4,2,1,Single carriageway,Darkness - lights lit,Fine no high winds,Wet or Damp,None
U-turn,Front,998,Petrol,3,2,2,Single carriageway,Daylight,Fine no high winds,Dry,None
Overtaking moving vehicle - offside,Did not impact,998,Petrol,5,2,1,Single carriageway,Daylight,Fine no high winds,Dry,None
Going ahead other,Offside,1596,Petrol,4,1,1,Single carriageway,Daylight,Fine no high winds,Dry,None
Going ahead other,Nearside,998,Petrol,4,2,1,Roundabout,Daylight,Fine no high winds,Dry,None
Slowing or stopping,Front,998,Petrol,5,2,1,Dual carriageway,Daylight,Fine no high winds,Dry,None
Turn right,Offside,1499,Heavy oil,5,2,1,Single carriageway,Darkness - lights lit,Fine no high winds,Dry,None
Turn right,Front,998,Petrol,2,1,1,Single carriageway,Daylight,Raining no high winds,Wet or Damp,None
Waiting to turn right,Back,1242,Petrol,5,2,2,Single carriageway,Daylight,Fine no high winds,Wet or Damp,None
Going ahead other,Back,1499,Heavy oil,4,2,2,Single carriageway,Darkness - lights lit,Fine no high winds,Dry,None
Going ahead other,Back,998,Petrol,4,2,1,Single carriageway,Darkness - no lighting,Fine no high winds,Dry,None
Moving off,Offside,1084,Petrol,1,2,1,Single carriageway,Darkness - lights lit,Raining no high winds,Wet or Damp,None
Moving off,Back,998,Petrol,2,2,1,Single carriageway,Daylight,Fine no high winds,Dry,None
Turn right,Offside,1084,Petrol,2,2,1,Single carriageway,Daylight,Fine + high winds,Dry,None
Going ahead other,Front,1242,Petrol,5,2,2,Single carriageway,Daylight,Fine no high winds,Dry,None
Going ahead left-hand bend,Front,998,Petrol,1,2,3,Single carriageway,Daylight,Fine no high winds,Dry,None
Going ahead other,Back,1242,Petrol,4,2,1,Single carriageway,Daylight,Fine no high winds,Dry,None
Going ahead right-hand bend,Offside,998,Petrol,4,2,3,Single carriageway,Daylight,Fine no high winds,Dry,None
Moving off,Front,998,Petrol,2,2,2,Single carriageway,Daylight,Raining + high winds,Wet or Damp,None
Overtaking moving vehicle - offside,Nearside,998,Petrol,1,2,2,Dual carriageway,Daylight,Fine no high winds,Dry,None
Going ahead other,Front,998,Petrol,4,2,1,Single carriageway,Daylight,Fine no high winds,Frost or ice,None
Turn right,Offside,998,Petrol,4,2,1,Single carriageway,Daylight,Raining + high winds,Wet or Damp,None
Slowing or stopping,Front,1242,Petrol,4,2,3,Single carriageway,Daylight,Fine no high winds,Dry,None
Going ahead other,Front,998,Petrol,5,2,1,Single carriageway,Daylight,Fine no high winds,Dry,None
Going ahead other,Front,1596,Petrol,3,2,1,Single carriageway,Darkness - lights lit,Raining no high winds,Wet or Damp,None
Going ahead other,Front,998,Petrol,5,2,1,Single carriageway,Daylight,Fine no high winds,Dry,None
Waiting to turn right,Back,1084,Petrol,2,2,2,Single carriageway,Daylight,Fine no high winds,Dry,None
Going ahead right-hand bend,Front,998,Petrol,4,1,1,Single carriageway,Darkness - no lighting,Fine no high winds,Dry,None
Going ahead other,Front,998,Petrol,5,1,1,Single carriageway,Daylight,Raining no high winds,Wet or Damp,None
Waiting to go - held up,Back,1084,Petrol,0,2,2,Single carriageway,Darkness - lights lit,Fine no high winds,Dry,None
Turn right,Nearside,998,Petrol,4,2,1,Single carriageway,Darkness - lights lit,Fine no high winds,Dry,None
Slowing or stopping,Front,1242,Petrol,5,2,1,Single carriageway,Daylight,Fine no high winds,Dry,None
Going ahead other,Front,1242,Petrol,3,2,1,Roundabout,Daylight,Fine no high winds,Dry,None
Going ahead other,Front,1499,Heavy oil,0,2,1,Single carriageway,Darkness - no lighting,Fine no high winds,Wet or Damp,None
Going ahead other,Front,1242,Petrol,4,2,2,Dual carriageway,Darkness - lights lit,Fine no high winds,Wet or Damp,None
Waiting to go - held up,Back,998,Petrol,1,2,1,Single carriageway,Daylight,Raining no high winds,Wet or Damp,None
Going ahead other,Front,998,Petrol,1,2,1,Single carriageway,Daylight,Fine no high winds,Dry,None
Slowing or stopping,Back,998,Petrol,4,2,2,Single carriageway,Daylight,Raining no high winds,Wet or Damp,None
Going ahead other,Front,1242,Petrol,4,2,3,Dual carriageway,Daylight,Fine no high winds,Dry,None
Parked,Front,1596,Petrol,5,2,1,Single carriageway,Darkness - no lighting,Fine no high winds,Dry,None
Waiting to go - held up,Back,998,Petrol,1,2,2,Roundabout,Darkness - lights lit,Fine no high winds,Dry,None
Changing lane to left,Front,1596,Petrol,5,2,1,Dual carriageway,Daylight,Raining no high winds,Wet or Damp,None
Going ahead other,Front,1499,Heavy oil,3,2,2,Dual carriageway,Darkness - lights lit,Fine no high winds,Dry,None
Waiting to go - held up,Back,998,Petrol,1,2,1,Single carriageway,Daylight,Fine no high winds,Dry,None
Waiting to go - held up,Back,1596,Petrol,4,2,1,Single carriageway,Daylight,Fine no high winds,Dry,None
Going ahead other,Back,998,Petrol,2,2,2,Single carriageway,Daylight,Fine no high winds,Dry,None
Waiting to go - held up,Back,1242,Petrol,4,2,1,Single carriageway,Darkness - lights lit,Fine no high winds,Dry,None
Going ahead other,Front,998,Petrol,1,2,2,Dual carriageway,Daylight,Raining no high winds,Wet or Damp,None
Going ahead other,Offside,1499,Heavy oil,5,2,2,Single carriageway,Daylight,Fine no high winds,Wet or Damp,None
Slowing or stopping,Back,998,Petrol,5,2,1,Dual carriageway,Daylight,Fine no high winds,Dry,None
Turn right,Offside,1242,Petrol,2,2,1,Single carriageway,Daylight,Fine no high winds,Dry,None
Going ahead right-hand bend,Front,998,Petrol,0,2,3,Single carriageway,Darkness - lights lit,Fine no high winds,Dry,None
Going ahead other,Front,1242,Petrol,3,2,4,Single carriageway,Daylight,Fine no high winds,Dry,None
Slowing or stopping,Back,1596,Petrol,2,2,2,Dual carriageway,Daylight,Fine no high winds,Dry,Roadworks
Going ahead other,Back,998,Petrol,5,2,5,Single carriageway,Daylight,Fine no high winds,Dry,None
Going ahead right-hand bend,Front,998,Petrol,2,2,2,Single carriageway,Daylight,Fine no high winds,Dry,None
Parked,Front,1499,Heavy oil,4,2,2,Single carriageway,Darkness - lights lit,Fine no high winds,Dry,None
Going ahead other,Nearside,1560,Heavy oil,5,2,1,Single carriageway,Daylight,Fine no high winds,Dry,None
Waiting to go - held up,Back,1596,Petrol,4,2,1,Single carriageway,Daylight,Fine no high winds,Wet or Damp,None
Waiting to go - held up,Back,998,Petrol,1,2,1,Single carriageway,Daylight,Fine no high winds,Wet or Damp,None
Waiting to turn right,Back,998,Petrol,1,2,1,Single carriageway,Daylight,Fine no high winds,Dry,None
Slowing or stopping,Front,1596,Petrol,3,2,2,Dual carriageway,Daylight,Fine no high winds,Dry,None
Going ahead right-hand bend,Offside,1596,Petrol,4,2,1,Single carriageway,Daylight,Raining no high winds,Wet or Damp,None
Slowing or stopping,Back,1499,Heavy oil,3,1,4,Single carriageway,Daylight,Fine no high winds,Dry,None
Going ahead other,Back,998,Petrol,4,2,1,Dual carriageway,Daylight,Fine no high winds,Dry,None
Going ahead other,Offside,998,Petrol,5,2,2,Single carriageway,Daylight,Fine no high winds,Dry,None
Going ahead other,Front,1242,Petrol,4,1,1,Single carriageway,Daylight,Fine no high winds,Dry,None
Waiting to go - held up,Back,998,Petrol,3,2,1,Slip road,Daylight,Fine no high winds,Dry,None
Going ahead other,Front,1499,Heavy oil,4,2,1,Dual carriageway,Darkness - lights lit,Fine no high winds,Dry,None
Turn right,Nearside,998,Petrol,0,2,1,Single carriageway,Daylight,Fine no high winds,Dry,None
Going ahead other,Offside,1242,Petrol,5,1,1,Dual carriageway,Darkness - no lighting,Fine no high winds,Dry,None
Going ahead other,Offside,998,Petrol,0,1,1,Single carriageway,Daylight,Fine no high winds,Dry,None
Going ahead other,Nearside,998,Petrol,3,1,2,Dual carriageway,Darkness - no lighting,Raining no high winds,Wet or Damp,None
Slowing or stopping,Back,1242,Petrol,4,2,3,Slip road,Daylight,Fine no high winds,Wet or Damp,None
Going ahead other,Back,998,Petrol,1,2,1,Single carriageway,Daylight,Fine no high winds,Dry,None
Going ahead other,Front,1499,Heavy oil,3,1,2,Single carriageway,Daylight,Fine no high winds,Dry,Road surface defective
Going ahead other,Front,998,Petrol,1,2,3,Single carriageway,Daylight,Raining no high winds,Wet or Damp,None
Waiting to go - held up,Back,998,Petrol,1,2,1,Single carriageway,Darkness - lights lit,Fine no high winds,Dry,None
Turn right,Front,998,Petrol,5,2,1,Dual carriageway,Darkness - lights lit,Fine no high winds,Dry,None
Turn right,Front,998,Petrol,5,2,1,Dual carriageway,Daylight,Fine no high winds,Dry,None
Going ahead other,Offside,998,Petrol,2,2,1,Dual carriageway,Daylight,Fine no high winds,Dry,None
Going ahead other,Front,998,Petrol,1,2,1,Single carriageway,Darkness - lights lit,Raining no high winds,Wet or Damp,None
Turn right,Front,1560,Heavy oil,5,2,3,Single carriageway,Daylight,Fine no high winds,Dry,Roadworks
Going ahead other,Front,998,Petrol,3,2,1,Single carriageway,Daylight,Fine no high winds,Dry,None
Going ahead other,Front,998,Petrol,2,2,2,Single carriageway,Daylight,Raining no high winds,Wet or Damp,None
Turn right,Front,998,Petrol,5,2,2,Single carriageway,Darkness - lights lit,Fine no high winds,Dry,None
Waiting to go - held up,Front,1596,Petrol,4,2,2,Roundabout,Daylight,Fine no high winds,Dry,None
Moving off,Offside,998,Petrol,3,2,1,Single carriageway,Daylight,Fine no high winds,Dry,None
Slowing or stopping,Front,998,Petrol,1,2,1,Single carriageway,Daylight,Fine no high winds,Dry,None
Moving off,Front,998,Petrol,5,2,3,Single carriageway,Daylight,Fine no high winds,Dry,None
Parked,Nearside,998,Petrol,1,2,1,Single carriageway,Daylight,Fine no high winds,Dry,None
Overtaking moving vehicle - offside,Front,998,Petrol,0,2,1,Single carriageway,Daylight,Fine no high winds,Dry,None
Changing lane to right,Back,1499,Heavy oil,4,2,1,Single carriageway,Daylight,Fine no high winds,Wet or Damp,None
Going ahead other,Front,1242,Petrol,4,2,1,Single carriageway,Daylight,Fine no high winds,Dry,None
Going ahead other,Front,999,Petrol,0,1,1,Single carriageway,Daylight,Fine no high winds,Wet or Damp,None
Going ahead other,Front,998,Petrol,4,2,2,Single carriageway,Daylight,Fine no high winds,Dry,None
Going ahead other,Front,998,Petrol,3,2,2,Single carriageway,Daylight,Fine no high winds,Dry,None
Going ahead other,Back,1242,Petrol,4,2,1,Single carriageway,Daylight,Fine no high winds,Dry,None
Going ahead other,Front,998,Petrol,2,2,1,Single carriageway,Darkness - lights lit,Fog or mist,Dry,Roadworks
Waiting to turn right,Offside,1084,Petrol,2,1,1,Dual carriageway,Daylight,Fog or mist,Wet or Damp,None
Going ahead other,Nearside,998,Petrol,2,2,2,Single carriageway,Darkness - lights lit,Fine no high winds,Wet or Damp,None
Going ahead left-hand bend,Front,1496,Petrol,2,1,2,Single carriageway,Daylight,Fine no high winds,Dry,None
Going ahead left-hand bend,Front,1084,Petrol,0,1,3,Single carriageway,Daylight,Fine no high winds,Wet or Damp,Oil or Diesel
Going ahead other,Offside,998,Petrol,4,2,2,Single carriageway,Darkness - lights lit,Fog or mist,Wet or Damp,None
Slowing or stopping,Front,1499,Heavy oil,4,2,1,Dual carriageway,Daylight,Fine no high winds,Dry,None
Going ahead other,Back,1242,Petrol,4,2,2,Dual carriageway,Darkness - no lighting,Fine no high winds,Wet or Damp,None
Going ahead left-hand bend,Front,998,Petrol,5,2,1,Single carriageway,Daylight,Raining no high winds,Wet or Damp,None
Going ahead other,Front,998,Petrol,1,1,2,Single carriageway,Daylight,Fine no high winds,Dry,None
Going ahead other,Front,1242,Petrol,5,2,2,Single carriageway,Daylight,Fine no high winds,Dry,None
Going ahead other,Back,998,Petrol,1,2,1,Dual carriageway,Daylight,Fine no high winds,Dry,None
Turn right,Front,998,Petrol,3,2,2,Single carriageway,Darkness - lights lit,Fine no high winds,Dry,None
Going ahead other,Offside,998,Petrol,1,2,1,Dual carriageway,Daylight,Raining no high winds,Wet or Damp,None
Turn right,Front,1242,Petrol,4,2,3,Single carriageway,Daylight,Raining no high winds,Wet or Damp,None
Going ahead other,Back,998,Petrol,1,2,1,Single carriageway,Daylight,Fine no high winds,Dry,None
Going ahead other,Front,1242,Petrol,5,2,1,Dual carriageway,Darkness - lights lit,Fine no high winds,Dry,None
Turn right,Front,1242,Petrol,4,2,1,Single carriageway,Darkness - lights lit,Fine no high winds,Dry,None
Going ahead other,Front,998,Petrol,2,2,3,Single carriageway,Daylight,Fine no high winds,Dry,None
Going ahead other,Front,998,Petrol,4,2,1,Single carriageway,Daylight,Fine no high winds,Dry,None
Turn right,Nearside,998,Petrol,2,1,1,Single carriageway,Daylight,Fine no high winds,Dry,None
Turn right,Offside,998,Petrol,5,2,3,Single carriageway,Darkness - lights lit,Fine no high winds,Dry,None
Going ahead other,Did not impact,998,Petrol,4,2,1,Single carriageway,Daylight,Fine no high winds,Dry,None
Going ahead other,Back,998,Petrol,5,2,2,Single carriageway,Daylight,Raining no high winds,Dry,None
Moving off,Offside,998,Petrol,3,2,1,Single carriageway,Daylight,Raining no high winds,Wet or Damp,None
Turn right,Offside,998,Petrol,4,2,2,Single carriageway,Daylight,Fine no high winds,Dry,None
Moving off,Offside,998,Petrol,4,2,1,Single carriageway,Daylight,Fine no high winds,Dry,None
Changing lane to right,Did not impact,998,Petrol,4,2,1,Dual carriageway,Daylight,Fine no high winds,Dry,None
Moving off,Front,1084,Petrol,1,2,1,Single carriageway,Daylight,Fine no high winds,Wet or Damp,None
Slowing or stopping,Front,998,Petrol,4,2,3,Dual carriageway,Daylight,Fine no high winds,Dry,None
Turning left,Nearside,998,Petrol,2,2,1,Single carriageway,Darkness - lights lit,Fine no high winds,Wet or Damp,None
Going ahead other,Did not impact,998,Petrol,3,2,2,Single carriageway,Darkness - no lighting,Fine no high winds,Dry,None
Going ahead other,Front,1242,Petrol,3,2,1,Single carriageway,Daylight,Fog or mist,Frost or ice,None
Moving off,Nearside,998,Petrol,1,1,1,Single carriageway,Daylight,Fine no high winds,Dry,None
Turn right,Front,1499,Heavy oil,3,1,1,Single carriageway,Daylight,Fine no high winds,Dry,None
Overtaking moving vehicle - offside,Did not impact,1596,Petrol,4,2,1,Single carriageway,Daylight,Fine no high winds,Dry,None
Going ahead other,Did not impact,1084,Petrol,3,2,1,Single carriageway,Daylight,Fine no high winds,Dry,None
Slowing or stopping,Back,998,Petrol,1,2,1,Single carriageway,Daylight,Fine no high winds,Dry,None
Going ahead other,Front,998,Petrol,2,2,1,Single carriageway,Daylight,Fine no high winds,Dry,None
Going ahead left-hand bend,Front,1596,Petrol,5,1,1,Single carriageway,Daylight,Fine no high winds,Dry,None
Going ahead right-hand bend,Front,998,Petrol,3,1,4,Single carriageway,Darkness - no lighting,Fine no high winds,Dry,None
Turning left,Front,998,Petrol,3,2,1,Single carriageway,Daylight,Fine no high winds,Dry,None
Parked,Nearside,1242,Petrol,3,2,1,Single carriageway,Darkness - lights lit,Raining no high winds,Wet or Damp,None
Going ahead other,Front,998,Petrol,1,2,2,Single carriageway,Darkness - lights lit,Fine no high winds,Wet or Damp,None
Going ahead right-hand bend,Front,1496,Petrol,1,1,1,Single carriageway,Daylight,Raining no high winds,Wet or Damp,None
Moving off,Offside,1242,Petrol,4,1,1,Dual carriageway,Daylight,Raining no high winds,Wet or Damp,None
Moving off,Back,1084,Petrol,1,2,2,Dual carriageway,Daylight,Fine no high winds,Dry,None
Going ahead other,Front,998,Petrol,1,2,1,Dual carriageway,Darkness - no lighting,Fine no high winds,Wet or Damp,None
Going ahead other,Nearside,1496,Petrol,1,2,1,Roundabout,Daylight,Fine no high winds,Dry,Roadworks
Going ahead other,Front,1499,Heavy oil,2,2,1,Single carriageway,Darkness - lights lit,Raining no high winds,Wet or Damp,None
Going ahead other,Front,998,Petrol,3,2,1,Dual carriageway,Darkness - no lighting,Fine no high winds,Dry,Roadworks
Overtaking static vehicle - offside,Front,998,Petrol,3,2,1,Single carriageway,Daylight,Raining no high winds,Wet or Damp,None
Waiting to go - held up,Back,998,Petrol,5,2,1,Single carriageway,Darkness - lights lit,Raining no high winds,Wet or Damp,None
Going ahead other,Front,998,Petrol,3,2,2,Single carriageway,Daylight,Fine no high winds,Dry,None
Reversing,Offside,1242,Petrol,5,2,3,Single carriageway,Daylight,Fine no high winds,Dry,None
Waiting to go - held up,Front,998,Petrol,0,2,2,Single carriageway,Daylight,Fine no high winds,Dry,None
Turn right,Back,1242,Petrol,4,2,3,Single carriageway,Daylight,Fine no high winds,Dry,None
Parked,Back,998,Petrol,3,1,2,Single carriageway,Darkness - lights lit,Fine no high winds,Dry,None
Going ahead other,Back,1242,Petrol,5,2,1,Dual carriageway,Darkness - lights lit,Fine no high winds,Dry,None
Going ahead other,Did not impact,998,Petrol,0,2,2,Dual carriageway,Darkness - lights lit,Fine no high winds,Wet or Damp,None
Turn right,Nearside,998,Petrol,4,2,2,Single carriageway,Darkness - lights lit,Fine no high winds,Wet or Damp,None
Moving off,Front,998,Petrol,1,2,1,Single carriageway,Daylight,Raining no high winds,Wet or Damp,None
Waiting to go - held up,Front,1596,Petrol,3,1,1,Single carriageway,Darkness - lights lit,Raining no high winds,Wet or Damp,None
Turning left,Nearside,998,Petrol,2,2,1,Dual carriageway,Daylight,Fine no high winds,Dry,None
Going ahead other,Front,1242,Petrol,5,2,2,Single carriageway,Darkness - lights lit,Fine no high winds,Wet or Damp,None
Turn right,Front,998,Petrol,3,2,1,Single carriageway,Daylight,Fine no high winds,Dry,None
Slowing or stopping,Front,1084,Petrol,2,2,1,Dual carriageway,Daylight,Fine no high winds,Dry,None
Going ahead other,Front,998,Petrol,3,2,1,Single carriageway,Darkness - lights lit,Fine no high winds,Dry,None
Turn right,Nearside,1242,Petrol,5,1,1,Single carriageway,Daylight,Fine no high winds,Wet or Damp,None
Parked,Back,998,Petrol,5,1,1,Single carriageway,Darkness - lights unlit,Raining no high winds,Wet or Damp,None
U-turn,Offside,998,Petrol,1,2,1,Single carriageway,Daylight,Fine no high winds,Dry,None
Moving off,Offside,1499,Heavy oil,5,1,1,Single carriageway,Daylight,Fine no high winds,Dry,None
Overtaking moving vehicle - offside,Front,1242,Petrol,5,1,3,Single carriageway,Daylight,Fine no high winds,Wet or Damp,None
Turning left,Front,998,Petrol,5,2,1,Roundabout,Darkness - lights lit,Raining + high winds,Wet or Damp,None
Turning left,Front,1596,Petrol,3,1,1,Single carriageway,Daylight,Raining no high winds,Wet or Damp,None
Going ahead other,Front,998,Petrol,2,2,1,Single carriageway,Daylight,Fine no high winds,Dry,None
Slowing or stopping,Back,998,Petrol,3,2,1,Dual carriageway,Daylight,Fine no high winds,Dry,None
Going ahead other,Back,998,Petrol,5,2,1,Dual carriageway,Daylight,Fine no high winds,Wet or Damp,None
Slowing or stopping,Back,998,Petrol,4,2,1,Single carriageway,Darkness - lights lit,Fine no high winds,Wet or Damp,None
Slowing or stopping,Front,1242,Petrol,4,2,1,Single carriageway,Daylight,Fine no high winds,Dry,None
Going ahead other,Offside,998,Petrol,4,2,1,Single carriageway,Darkness - lights lit,Fine no high winds,Dry,None
Going ahead other,Nearside,998,Petrol,2,1,4,Single carriageway,Daylight,Fine no high winds,Dry,None
Slowing or stopping,Front,998,Petrol,5,2,2,Single carriageway,Darkness - no lighting,Fine no high winds,Dry,Roadworks
Slowing or stopping,Front,998,Petrol,2,2,2,Slip road,Daylight,Fine no high winds,Dry,None
Turn right,Front,1242,Petrol,5,2,2,Single carriageway,Daylight,Raining no high winds,Wet or Damp,None
Going ahead other,Front,998,Petrol,2,2,1,Single carriageway,Daylight,Fine no high winds,Dry,None
Going ahead right-hand bend,Front,1242,Petrol,4,2,1,Single carriageway,Daylight,Fine no high winds,Dry,None
Going ahead other,Back,998,Petrol,3,2,1,Dual carriageway,Daylight,Fine no high winds,Dry,None
Going ahead other,Front,998,Petrol,5,1,1,Single carriageway,Daylight,Fine no high winds,Dry,None
Going ahead other,Front,1084,Petrol,2,2,1,Dual carriageway,Daylight,Fine no high winds,Dry,None
Overtaking moving vehicle - offside,Front,1596,Petrol,3,2,1,Single carriageway,Daylight,Fine no high winds,Dry,None
Slowing or stopping,Front,998,Petrol,1,2,1,Single carriageway,Daylight,Fine no high winds,Dry,None
Turn right,Front,998,Petrol,1,2,2,Single carriageway,Daylight,Fine no high winds,Dry,None
Turn right,Offside,998,Petrol,1,2,1,Single carriageway,Darkness - no lighting,Fine no high winds,Dry,None
Going ahead other,Offside,998,Petrol,5,2,1,Roundabout,Daylight,Raining no high winds,Wet or Damp,None
Going ahead other,Front,998,Petrol,5,2,1,Single carriageway,Darkness - no lighting,Fine no high winds,Dry,None
Waiting to turn left,Back,998,Petrol,4,2,1,Single carriageway,Daylight,Fine no high winds,Dry,None
Going ahead left-hand bend,Front,1560,Heavy oil,5,1,1,Single carriageway,Daylight,Fine no high winds,Dry,None
Going ahead other,Front,1084,Petrol,2,2,1,Roundabout,Daylight,Fine no high winds,Dry,None
Going ahead other,Back,998,Petrol,4,2,1,Dual carriageway,Daylight,Fine no high winds,Dry,None
Turn right,Offside,998,Petrol,2,2,1,Roundabout,Daylight,Fine no high winds,Dry,None
Going ahead other,Front,998,Petrol,3,2,1,Dual carriageway,Daylight,Fine no high winds,Dry,Roadworks
Turn right,Offside,998,Petrol,2,2,1,Single carriageway,Daylight,Fine no high winds,Dry,None
Turn right,Offside,1242,Petrol,5,2,1,Single carriageway,Daylight,Fine no high winds,Dry,None
Going ahead other,Front,998,Petrol,0,2,1,Single carriageway,Daylight,Fine no high winds,Wet or Damp,None
Moving off,Nearside,1242,Petrol,5,2,1,Single carriageway,Daylight,Raining no high winds,Wet or Damp,None
Turning left,Back,998,Petrol,3,2,2,Single carriageway,Daylight,Fine no high winds,Wet or Damp,None
Going ahead other,Front,998,Petrol,3,2,1,Single carriageway,Daylight,Fine no high winds,Dry,None
Waiting to go - held up,Front,998,Petrol,2,2,2,Single carriageway,Daylight,Fine no high winds,Dry,None
Going ahead other,Front,998,Petrol,4,1,1,Single carriageway,Darkness - lights lit,Fine no high winds,Dry,None
Going ahead other,Front,1499,Heavy oil,4,2,1,Single carriageway,Daylight,Fine no high winds,Dry,None
Parked,Offside,998,Petrol,5,2,1,Single carriageway,Daylight,Fine no high winds,Dry,None
Waiting to go - held up,Back,998,Petrol,5,2,1,Dual carriageway,Daylight,Fine no high winds,Dry,Roadworks
Going ahead other,Front,998,Petrol,3,2,1,Single carriageway,Daylight,Fine no high winds,Dry,None
Going ahead other,Front,999,Petrol,0,1,3,Dual carriageway,Darkness - no lighting,Fine no high winds,Dry,None
Going ahead other,Front,1242,Petrol,5,2,2,Single carriageway,Daylight,Fine no high winds,Dry,None
Going ahead other,Offside,998,Petrol,1,2,1,Single carriageway,Daylight,Fine no high winds,Dry,None
Waiting to go - held up,Back,998,Petrol,1,2,1,Slip road,Daylight,Fine no high winds,Dry,None
Slowing or stopping,Back,998,Petrol,1,2,2,Dual carriageway,Daylight,Raining no high winds,Wet or Damp,None
Going ahead other,Front,998,Petrol,2,2,4,Single carriageway,Daylight,Fine no high winds,Dry,None
Moving off,Front,998,Petrol,3,2,4,Single carriageway,Darkness - lights lit,Raining no high winds,Wet or Damp,None
Going ahead other,Nearside,998,Petrol,2,2,1,Single carriageway,Daylight,Fine no high winds,Dry,None
Slowing or stopping,Front,998,Petrol,3,2,1,Roundabout,Daylight,Fine no high winds,Dry,None
Going ahead other,Front,998,Petrol,1,2,2,Single carriageway,Daylight,Fine no high winds,Dry,None
Going ahead other,Front,998,Petrol,5,2,1,Single carriageway,Daylight,Fine no high winds,Frost or ice,None